1101   ,1102   ,1216   ,1301   ,1303   ,1326   ,1402   ,1722   ,2002   ,2105   ,2301   ,2303   ,2308   ,2311   ,2317   ,2324   ,2325   ,2330   ,2347   ,2353   ,2354   ,2357   ,2382   ,2409   ,2412   ,2448   ,2454   ,2498   ,2618   ,2801   ,2880   ,2881   ,2882   ,2883   ,2885   ,2886   ,2888   ,2890   ,2891   ,2892   ,2912   ,3045   ,3231   ,3481   ,3673   ,4904   ,4938   ,6505   ,9904   ,
   28.37,   24.85,   25.40,   84.67,   64.47,   82.48,   29.72,   71.91,   25.38,   36.35,   23.48,   11.04,   99.71,   20.07,   50.86,   21.62,   26.64,   59.22,   49.92,   46.53,   97.13,  140.55,   39.53,   20.10,   63.85,   80.06,  250.21,  975.05,   19.36,   14.67,   12.67,   29.52,   31.73,    8.83,   14.30,   16.76,   10.46,    7.66,   13.30,   13.84,  130.55,   56.05,   25.98,   26.09,  553.68,   30.72,   22.01,   81.15,   20.12,
   28.93,   24.68,   25.12,   82.85,   63.64,   79.93,   30.05,   71.53,   25.31,   36.81,   23.41,   11.04,  101.63,   19.89,   50.86,   21.59,   26.53,   58.58,   49.18,   46.02,  103.05,  142.15,   40.56,   19.92,   63.71,   81.12,  255.03,  971.02,   20.10,   14.64,   12.56,   29.07,   31.29,    8.75,   14.41,   16.66,   10.37,    7.55,   13.17,   13.97,  126.03,   55.52,   25.58,   25.46,  577.98,   30.47,   22.53,   79.44,   20.01,
   28.22,   24.59,   25.40,   82.12,   63.64,   80.29,   29.79,   71.68,   25.17,   39.37,   23.29,   11.08,  100.48,   20.22,   51.82,   21.32,   26.88,   59.37,   48.45,   45.76,  100.96,  143.49,   41.45,   19.97,   63.85,   78.30,  257.62, 1007.28,   20.25,   14.94,   12.64,   28.86,   31.39,    8.79,   14.55,   16.99,   10.37,    7.58,   13.40,   14.05,  124.39,   56.05,   25.63,   25.51,  618.04,   30.79,   22.49,   80.50,   19.90,
   27.41,   24.19,   25.21,   81.39,   62.82,   77.37,   29.95,   72.66,   25.09,   39.02,   23.13,   11.08,  100.86,   20.22,   51.58,   21.42,   26.29,   59.53,   48.18,   45.76,  102.70,  142.15,   40.56,   20.23,   63.85,   79.36,  257.62,  991.17,   21.37,   14.73,   12.62,   29.03,   30.99,    8.75,   14.34,   16.62,   10.20,    7.63,   13.32,   13.78,  124.39,   55.52,   25.28,   25.46,  627.89,   30.50,   22.49,   78.55,   20.20,
   28.22,   24.59,   26.17,   81.75,   62.15,   77.01,   30.62,   73.27,   25.13,   39.67,   23.41,   11.23,  102.78,   20.74,   52.30,   21.66,   26.50,   59.93,   47.52,   46.36,  102.01,  140.55,   39.88,   20.66,   64.27,   78.39,  266.89,  975.05,   21.89,   14.79,   12.70,   29.66,   31.43,    8.94,   14.37,   16.76,   10.33,    7.83,   13.53,   13.91,  128.90,   56.12,   26.09,   25.64,  605.56,   30.72,   22.79,   79.04,   20.50,
   28.05,   24.72,   26.02,   83.58,   63.50,   78.83,   30.62,   73.34,   25.13,   39.77,   23.29,   11.15,  102.78,   20.37,   52.30,   21.52,   26.26,   59.06,   48.12,   45.85,  100.61,  140.01,   39.19,   20.70,   64.41,   78.83,  261.33,  950.88,   22.11,   14.88,   12.70,   29.49,   31.46,    8.98,   14.34,   16.72,   10.37,    7.80,   13.43,   13.91,  127.26,   55.90,   26.14,   25.60,  589.80,   30.89,   22.64,   81.23,   20.65,
   28.08,   25.18,   26.08,   85.04,   63.12,   79.93,   30.39,   74.03,   25.17,   40.17,   22.97,   11.12,   95.86,   20.46,   53.02,   21.62,   26.84,   59.53,   47.72,   45.76,   93.65,  141.35,   40.35,   20.27,   64.90,   78.30,  259.48,  946.85,   21.89,   14.73,   12.64,   29.49,   31.26,    8.86,   14.23,   16.69,   10.33,    7.83,   13.45,   13.81,  128.08,   55.82,   25.98,   25.60,  583.23,   30.93,   22.86,   80.82,   20.61,
   28.12,   25.18,   26.11,   83.94,   62.90,   79.93,   30.12,   73.50,   25.20,   40.12,   22.90,   11.01,   92.01,   20.74,   52.30,   21.49,   26.98,   60.09,   46.71,   45.16,   97.13,  138.95,   40.97,   19.84,   65.60,   77.95,  261.33,  999.23,   21.70,   14.59,   12.56,   29.28,   30.86,    8.79,   14.16,   16.52,   10.20,    7.77,   12.89,   13.65,  133.83,   56.73,   25.33,   25.46,  595.71,   31.04,   22.64,   81.23,   20.50,
   28.05,   25.18,   25.61,   83.21,   62.15,   78.83,   29.42,   72.51,   25.20,   39.97,   22.97,   11.04,   93.93,   20.71,   52.06,   21.72,   26.88,   60.25,   46.45,   45.59,   95.39,  140.28,   41.38,   19.79,   64.69,   80.77,  261.33,  966.99,   21.37,   14.76,   12.56,   29.49,   31.19,    8.79,   14.16,   16.45,   10.24,    7.63,   12.67,   13.91,  129.31,   56.43,   25.33,   25.42,  593.74,   31.04,   22.90,   81.23,   20.42,
   28.15,   24.65,   25.95,   82.12,   62.07,   78.47,   29.66,   70.62,   25.13,   40.17,   23.06,   11.04,   94.32,   20.01,   50.86,   21.72,   26.74,   59.45,   45.98,   46.27,   92.26,  141.62,   41.45,   19.14,   64.76,   78.57,  256.14,  934.76,   21.82,   14.59,   12.45,   29.10,   31.09,    8.75,   14.05,   16.32,   10.16,    7.69,   12.49,   13.71,  127.26,   56.50,   25.33,   24.38,  591.11,   30.96,   23.27,   79.93,   20.57,
   27.91,   24.59,   25.92,   83.94,   62.15,   79.20,   29.49,   71.38,   25.09,   38.81,   23.03,   10.97,   90.47,   20.28,   49.90,   21.59,   26.81,   60.01,   45.51,   46.19,   92.26,  141.08,   41.45,   18.62,   64.55,   77.86,  247.98,  942.82,   22.22,   14.56,   12.40,   29.03,   30.86,    8.68,   14.09,   16.32,   10.12,    7.66,   12.67,   13.55,  126.44,   56.28,   24.57,   23.57,  582.57,   31.00,   23.20,   80.91,   20.46,
   27.48,   24.82,   26.11,   84.67,   63.12,   79.56,   29.79,   71.91,   25.24,   39.67,   23.13,   10.79,   91.24,   20.80,   50.86,   21.69,   26.88,   59.77,   44.65,   46.10,   90.17,  137.88,   41.65,   19.32,   65.18,   76.28,  252.06,  954.90,   22.34,   14.53,   12.34,   28.96,   30.66,    8.68,   14.16,   16.35,   10.16,    7.69,   12.62,   13.52,  132.19,   57.42,   25.08,   24.11,  589.80,   31.18,   23.31,   82.45,   20.61,
   27.34,   24.82,   26.11,   84.31,   62.52,   79.20,   29.72,   70.77,   25.13,   39.32,   23.25,   10.90,   88.16,   20.28,   49.90,   21.72,   26.74,   59.69,   45.11,   46.10,   91.21,  137.88,   42.13,   18.80,   65.11,   77.95,  244.65,  966.99,   21.52,   14.50,   12.37,   28.58,   30.36,    8.68,   14.19,   16.52,   10.12,    7.66,   12.67,   13.63,  130.13,   57.42,   24.72,   24.02,  617.38,   31.50,   22.68,   80.91,   20.69,
   27.37,   24.19,   26.05,   83.58,   61.40,   78.10,   29.79,   70.24,   25.17,   39.67,   23.06,   10.79,   88.93,   20.52,   49.43,   22.12,   26.36,   59.93,   44.58,   45.76,   93.65,  137.88,   41.72,   19.14,   64.83,   74.34,  235.75,  971.02,   21.44,   14.23,   12.23,   28.54,   30.36,    8.64,   14.12,   16.39,   10.46,    7.47,   12.51,   13.42,  128.90,   57.04,   24.95,   24.56,  598.34,   31.18,   22.27,   80.58,   20.46,
   26.88,   24.19,   25.15,   84.67,   60.65,   77.74,   29.32,   68.95,   24.95,   38.61,   22.94,   10.71,   83.54,   20.01,   47.99,   22.22,   25.77,   59.61,   43.78,   45.33,   95.04,  136.81,   41.18,   18.71,   64.90,   74.26,  229.82,  962.96,   21.33,   14.03,   12.04,   28.23,   29.99,    8.46,   13.87,   16.18,   10.24,    7.33,   12.39,   13.05,  128.08,   57.11,   24.72,   24.11,  592.43,   31.21,   21.90,   81.15,   20.12,
   27.06,   24.46,   25.46,   83.58,   60.35,   77.74,   29.16,   69.56,   24.95,   39.52,   23.22,   10.67,   84.31,   19.89,   49.43,   22.29,   25.57,   59.37,   44.05,   45.08,   92.61,  140.55,   41.04,   19.45,   64.90,   74.87,  232.79,  942.82,   21.59,   14.12,   12.20,   28.47,   30.33,    8.53,   13.80,   16.18,   10.63,    7.35,   12.29,   12.95,  135.06,   57.49,   25.03,   24.88,  581.92,   31.53,   22.31,   81.23,   20.16,
   27.62,   24.39,   25.33,   82.48,   61.92,   77.74,   29.16,   69.41,   24.66,   39.57,   23.06,   10.75,   82.38,   19.83,   48.47,   22.29,   24.70,   59.14,   43.51,   45.25,   90.52,  140.82,   40.56,   20.05,   65.25,   74.78,  229.82,  934.76,   20.92,   14.03,   12.01,   28.75,   30.23,    8.38,   13.73,   16.12,   10.63,    7.27,   12.18,   12.66,  135.47,   57.19,   25.03,   25.01,  576.66,   31.39,   22.01,   81.23,   20.09,
   27.91,   24.62,   25.46,   82.48,   61.85,   78.10,   29.42,   70.01,   24.56,   39.17,   23.16,   10.75,   84.69,   19.77,   48.71,   22.46,   24.87,   58.90,   43.58,   47.81,   91.56,  146.96,   41.38,   20.14,   65.18,   75.66,  227.97,  962.96,   20.92,   14.18,   12.07,   29.07,   30.36,    8.46,   13.94,   16.25,   10.67,    7.30,   12.26,   12.71,  134.24,   57.04,   25.58,   24.92,  591.11,   31.46,   23.27,   80.91,   20.24,
   27.83,   24.68,   25.18,   82.48,   61.25,   78.83,   29.23,   70.70,   24.38,   39.62,   23.38,   10.60,   85.85,   20.49,   48.47,   22.75,   25.08,   58.74,   43.85,   47.81,   90.52,  152.84,   43.77,   19.92,   65.18,   79.62,  229.45,  950.88,   20.92,   14.20,   12.12,   28.89,   29.99,    8.49,   13.76,   16.32,   10.50,    7.30,   12.46,   12.76,  139.17,   57.42,   26.39,   24.83,  592.43,   31.35,   23.12,   81.23,   20.20,
   29.46,   25.86,   24.87,   79.56,   57.88,   79.20,   29.69,   69.94,   24.52,   39.82,   23.35,   10.86,   85.85,   21.28,   47.99,   23.12,   26.26,   59.61,   43.85,   48.50,   91.56,  154.98,   43.91,   19.92,   65.11,   79.18,  235.01,  942.82,   21.78,   14.15,   12.15,   29.07,   30.23,    8.46,   13.80,   16.69,   10.58,    7.33,   12.56,   12.63,  134.24,   57.57,   26.69,   24.65,  595.71,   31.35,   22.79,   79.93,   20.20,
   29.53,   25.93,   25.61,   80.29,   59.68,   79.93,   30.05,   71.07,   24.59,   40.67,   23.38,   10.93,   87.77,   21.34,   48.23,   23.12,   26.64,   60.88,   44.91,   47.98,   96.44,  160.32,   44.53,   20.40,   65.46,   83.58,  237.23,  983.11,   21.96,   14.44,   12.40,   29.28,   31.16,    8.68,   14.12,   16.49,   10.75,    7.47,   12.92,   12.92,  134.65,   58.86,   27.25,   25.91,  614.10,   31.53,   22.94,   82.45,   20.31,
   29.32,   26.52,   25.77,   82.85,   61.10,   81.75,   30.48,   71.83,   24.56,   40.97,   23.86,   11.12,   88.54,   21.55,   48.95,   23.19,   26.78,   61.12,   45.51,   47.73,   99.57,  160.05,   44.80,   20.40,   66.16,   82.70,  244.65, 1003.25,   21.74,   14.50,   12.42,   29.42,   31.23,    8.68,   14.37,   16.69,   10.71,    7.55,   13.02,   13.05,  132.60,   59.01,   27.35,   26.27,  620.67,   32.24,   23.12,   82.45,   20.57,
   29.57,   26.42,   25.46,   82.85,   60.80,   79.93,   30.52,   71.00,   24.45,   41.02,   23.89,   11.12,   87.00,   21.40,   47.99,   22.95,   26.26,   60.64,   45.05,   44.39,   97.48,  156.58,   44.18,   20.10,   66.58,   80.59,  237.61,  971.02,   21.78,   14.26,   12.29,   29.38,   31.26,    8.64,   14.30,   16.59,   10.58,    7.52,   13.02,   12.89,  134.24,   59.85,   26.94,   26.13,  622.64,   32.45,   23.38,   81.23,   20.80,
   29.46,   26.00,   25.46,   83.94,   60.43,   82.48,   30.32,   70.47,   24.56,   40.97,   23.96,   11.08,   88.16,   21.82,   48.23,   22.72,   26.46,   61.28,   44.71,   43.37,   98.18,  160.32,   46.65,   20.27,   67.21,   80.06,  236.86,  999.23,   21.59,   14.41,   12.37,   29.49,   31.26,    8.72,   14.34,   16.52,   10.63,    7.49,   13.07,   12.89,  133.83,   62.06,   27.45,   25.82,  614.76,   32.59,   23.65,   81.64,   20.61,
   29.82,   26.00,   25.24,   82.85,   58.78,   82.48,   29.62,   69.26,   24.56,   40.42,   23.83,   10.97,   86.62,   21.55,   47.99,   23.05,   26.12,   61.52,   45.91,   44.31,   98.87,  162.19,   46.37,   20.01,   68.40,   80.06,  232.42, 1035.49,   21.52,   14.50,   12.40,   29.52,   31.19,    8.75,   14.44,   16.49,   10.58,    7.44,   13.07,   12.95,  130.55,   61.60,   27.95,   26.04,  616.07,   32.45,   23.20,   82.45,   20.35,
   29.22,   25.80,   25.46,   82.12,   59.83,   80.66,   29.89,   68.27,   24.52,   39.97,   23.73,   11.08,   82.38,   21.31,   48.23,   23.05,   26.46,   61.52,   44.85,   43.54,   96.09,  158.45,   46.17,   19.66,   68.40,   80.06,  234.27, 1007.28,   21.52,   14.47,   12.26,   29.35,   31.09,    8.64,   14.55,   16.35,   10.50,    7.27,   12.79,   12.92,  131.37,   61.22,   27.85,   25.91,  619.35,   32.52,   23.35,   81.15,   20.42,
   28.37,   25.44,   25.18,   81.75,   60.35,   82.12,   30.22,   68.20,   24.45,   39.97,   23.54,   11.04,   80.46,   21.40,   48.95,   22.99,   26.15,   61.04,   45.18,   43.71,   96.79,  156.58,   46.92,   19.53,   67.84,   79.27,  231.67, 1007.28,   21.48,   14.41,   12.37,   29.28,   31.06,    8.75,   14.59,   16.66,   10.58,    7.30,   12.89,   12.95,  128.90,   60.76,   27.20,   25.73,  616.07,   32.49,   23.57,   80.26,   20.27,
   28.19,   25.14,   24.71,   79.56,   60.35,   80.66,   29.62,   68.05,   24.45,   39.67,   23.13,   11.01,   80.84,   20.77,   47.99,   22.62,   25.53,   59.77,   45.38,   43.37,   90.87,  152.31,   46.58,   19.32,   67.70,   78.74,  226.86,  938.79,   20.88,   14.18,   12.20,   29.17,   30.26,    8.57,   14.30,   16.55,   10.54,    7.16,   12.67,   12.79,  125.62,   60.76,   26.74,   25.37,  599.65,   31.67,   23.05,   77.90,   20.20,
   28.22,   24.78,   24.43,   77.37,   59.60,   78.47,   29.09,   67.74,   24.23,   38.76,   23.09,   10.82,   80.46,   20.43,   47.99,   22.62,   25.05,   59.29,   44.11,   43.11,   84.60,  152.84,   45.96,   19.32,   68.40,   79.10,  223.89,  874.32,   20.29,   13.97,   12.07,   28.68,   29.86,    8.42,   14.16,   16.45,   10.33,    6.93,   12.44,   12.50,  127.67,   61.37,   26.49,   24.92,  579.29,   31.96,   22.57,   77.82,   19.67,
   28.68,   25.60,   24.62,   78.10,   59.98,   78.83,   29.16,   68.50,   24.48,   39.67,   23.32,   10.90,   81.61,   20.62,   48.23,   23.09,   24.70,   60.49,   44.38,   43.54,   84.95,  152.84,   47.19,   19.45,   68.96,   81.30,  225.37,  926.70,   20.62,   14.03,   12.15,   28.72,   30.09,    8.49,   14.23,   16.69,   10.33,    7.05,   12.67,   12.53,  130.55,   61.83,   26.99,   25.01,  598.34,   32.03,   22.57,   80.26,   19.90,
   29.22,   26.13,   25.27,   80.66,   59.45,   79.93,   29.19,   68.05,   24.70,   39.77,   23.57,   10.93,   82.38,   20.34,   47.75,   23.75,   24.84,   61.12,   44.78,   43.88,   85.99,  150.70,   46.65,   19.40,   69.51,   81.30,  225.37,  862.23,   20.03,   13.53,   12.04,   29.07,   30.19,    8.42,   14.19,   16.42,   10.37,    6.91,   12.82,   12.32,  126.03,   64.11,   27.40,   24.65,  594.40,   32.52,   23.35,   82.04,   19.97,
   29.07,   25.90,   24.99,   79.93,   59.08,   77.74,   28.93,   65.09,   24.45,   39.72,   23.19,   10.64,   83.15,   19.77,   47.22,   23.29,   24.18,   59.93,   44.25,   42.94,   84.95,  151.77,   44.80,   18.71,   69.23,   81.30,  220.55,  803.41,   19.95,   12.95,   11.74,   28.89,   29.79,    8.31,   13.91,   16.15,   10.16,    6.79,   12.67,   11.98,  126.85,   63.20,   26.04,   23.93,  563.53,   32.10,   21.97,   79.85,   19.18,
   28.68,   25.41,   24.87,   79.20,   59.15,   78.83,   28.63,   65.78,   24.23,   40.17,   23.19,   10.56,   83.54,   19.77,   47.36,   23.12,   24.32,   58.90,   43.91,   41.36,   83.56,  149.37,   44.80,   17.76,   69.23,   81.30,  223.52,  804.22,   19.73,   12.89,   11.57,   29.24,   29.26,    8.38,   13.73,   16.42,   10.16,    6.77,   12.44,   12.05,  127.26,   62.66,   25.58,   22.94,  581.26,   31.89,   21.79,   82.86,   19.60,
   28.51,   25.41,   24.99,   77.37,   58.55,   78.83,   28.63,   65.85,   24.34,   40.02,   23.32,   10.49,   82.38,   19.74,   47.22,   22.99,   24.29,   59.45,   43.91,   39.60,   80.77,  147.50,   45.42,   16.85,   68.33,   77.42,  218.70,  803.41,   19.95,   12.97,   11.57,   29.45,   28.92,    8.38,   13.59,   15.68,    9.95,    6.77,   12.31,   11.90,  127.26,   62.66,   25.53,   21.37,  566.81,   31.57,   21.82,   81.07,   19.33,
   28.33,   25.57,   25.27,   75.18,   57.28,   78.10,   28.83,   66.08,   24.41,   40.07,   23.57,   10.56,   83.54,   20.07,   48.23,   22.95,   24.46,   60.25,   44.05,   40.46,   82.86,  146.43,   45.96,   17.24,   69.09,   77.69,  231.30,  821.94,   20.59,   13.15,   11.82,   29.94,   29.22,    8.46,   13.69,   16.08,   10.03,    6.85,   12.36,   11.98,  128.49,   63.50,   25.98,   20.38,  560.24,   31.67,   22.12,   82.86,   19.78,
   28.33,   26.06,   24.90,   73.72,   56.16,   76.64,   28.96,   66.84,   24.31,   40.22,   23.51,   10.56,   81.23,   20.28,   47.51,   22.52,   24.63,   59.53,   44.11,   41.01,   83.90,  147.23,   45.89,   17.50,   68.75,   77.25,  237.98,  866.26,   20.51,   13.44,   11.85,   30.54,   29.29,    8.46,   13.59,   16.45,   10.20,    6.88,   12.41,   12.29,  126.85,   64.41,   26.34,   20.47,  581.26,   31.50,   21.90,   80.58,   19.56,
   28.26,   26.09,   24.84,   71.83,   56.61,   75.92,   28.63,   66.00,   24.41,   40.17,   23.70,   10.49,   78.15,   19.83,   47.07,   22.79,   24.91,   58.90,   43.78,   40.89,   81.81,  148.83,   44.32,   16.89,   68.89,   77.07,  235.75,  878.35,   20.66,   13.30,   11.87,   30.15,   28.72,    8.38,   13.51,   16.28,   10.12,    6.79,   12.18,   12.24,  132.60,   62.44,   25.28,   20.11,  577.32,   31.53,   21.04,   80.09,   19.71,
   27.98,   26.09,   24.90,   70.44,   55.03,   74.46,   28.66,   65.32,   24.38,   40.22,   23.80,   10.38,   76.99,   19.29,   46.83,   22.49,   24.67,   57.87,   44.71,   41.01,   82.51,  149.90,   44.80,   17.11,   68.68,   78.66,  230.56,  854.18,   21.59,   13.30,   11.85,   29.98,   28.45,    8.38,   13.48,   16.18,   10.03,    6.68,   12.08,   12.26,  133.42,   62.13,   24.70,   19.97,  577.32,   31.99,   21.12,   81.07,   19.71,
   28.44,   26.03,   24.93,   69.85,   54.88,   74.46,   28.70,   64.79,   24.23,   40.37,   23.70,   10.30,   78.92,   18.69,   46.07,   23.02,   24.67,   57.15,   44.45,   40.50,   81.81,  149.37,   44.25,   16.81,   68.12,   76.90,  230.56,  854.18,   21.74,   13.38,   11.87,   30.19,   28.09,    8.46,   13.51,   16.02,   10.12,    6.68,   12.01,   12.29,  131.37,   61.22,   24.32,   19.43,  564.84,   32.10,   21.23,   80.18,   19.75,
   28.90,   26.09,   25.09,   70.80,   53.99,   74.82,   28.36,   65.09,   24.02,   40.42,   23.67,   10.34,   79.30,   19.17,   45.59,   22.79,   23.98,   57.55,   44.78,   40.24,   82.16,  148.56,   44.25,   16.76,   67.91,   75.22,  229.08,  838.06,   21.55,   13.38,   11.74,   29.70,   28.36,    8.42,   13.55,   16.15,    9.99,    6.60,   11.88,   12.24,  130.96,   61.30,   25.13,   18.89,  571.41,   32.06,   21.67,   77.98,   19.48,
   29.85,   26.62,   25.40,   72.99,   55.41,   78.47,   29.03,   66.76,   24.38,   40.57,   23.86,   10.53,   79.69,   18.87,   46.83,   23.25,   23.87,   59.12,   45.58,   42.00,   83.21,  150.17,   45.69,   16.76,   68.75,   75.22,  235.01,  796.96,   21.85,   13.65,   11.98,   30.40,   29.68,    8.57,   13.84,   16.76,   10.24,    6.93,   12.31,   12.32,  131.78,   62.28,   25.28,   18.17,  561.56,   32.10,   21.79,   80.58,   19.56,
   30.31,   26.88,   25.83,   75.55,   57.36,   78.10,   29.66,   66.84,   24.81,   41.43,   24.12,   10.53,   81.23,   18.99,   47.27,   23.42,   25.53,   59.78,   46.51,   42.77,   82.86,  152.31,   46.51,   16.98,   69.09,   74.96,  231.30,  778.43,   21.82,   13.82,   12.26,   30.89,   30.12,    8.64,   14.23,   16.89,   10.46,    6.93,   12.67,   12.45,  136.29,   62.33,   25.73,   18.44,  574.69,   32.45,   22.12,   82.04,   19.93,
   31.45,   27.60,   26.14,   77.37,   57.65,   76.64,   30.19,   68.27,   24.95,   41.93,   24.37,   10.53,   80.84,   19.29,   46.83,   23.35,   24.32,   60.28,   46.58,   42.64,   88.43,  152.84,   46.65,   16.94,   70.63,   76.98,  232.42,  813.89,   22.00,   14.23,   12.37,   31.48,   30.12,    8.68,   14.37,   17.46,   10.46,    6.96,   13.02,   12.74,  140.81,   61.77,   26.24,   18.26,  586.52,   33.48,   22.31,   82.86,   20.09,
   31.73,   27.54,   25.95,   78.83,   58.63,   78.10,   29.42,   70.39,   24.91,   42.43,   23.99,   10.60,   80.84,   19.44,   46.31,   23.19,   24.29,   60.86,   46.71,   42.85,   86.69,  155.51,   47.47,   16.68,   70.63,   76.10,  232.79,  850.15,   21.48,   14.03,   12.23,   31.72,   29.95,    8.64,   14.34,   17.40,   10.46,    6.91,   13.07,   12.68,  140.40,   60.81,   26.04,   18.04,  598.99,   33.48,   21.64,   83.26,   19.82,
   32.19,   28.36,   26.51,   80.66,   59.53,   79.56,   28.73,   72.06,   24.95,   43.13,   24.08,   10.53,   82.00,   19.29,   46.11,   23.09,   23.70,   60.61,   46.85,   42.85,   86.34,  158.45,   46.92,   15.81,   71.33,   74.96,  229.08,  854.18,   21.55,   14.12,   12.26,   31.86,   29.88,    8.60,   14.23,   17.46,   10.50,    6.88,   13.00,   12.60,  145.32,   60.09,   25.28,   16.91,  599.65,   33.30,   22.31,   84.07,   19.82,
   32.05,   28.32,   26.20,   81.39,   59.90,   79.93,   28.70,   71.53,   25.09,   42.88,   24.24,   10.56,   84.31,   19.38,   47.27,   23.29,   23.84,   60.28,   46.38,   42.44,   88.08,  156.58,   48.56,   16.03,   72.38,   74.08,  229.08,  882.38,   21.33,   14.00,   12.31,   32.39,   30.26,    8.64,   14.44,   17.50,   10.46,    7.02,   13.20,   12.63,  146.14,   60.97,   25.68,   17.18,  613.44,   33.30,   22.23,   82.72,   20.01,
   32.54,   29.21,   26.30,   79.56,   59.68,   79.54,   28.76,   71.91,   25.13,   42.58,   24.24,   10.60,   83.15,   19.71,   46.88,   23.45,   24.15,   59.29,   45.65,   41.43,   83.56,  151.77,   47.47,   16.29,   72.03,   73.90,  225.74,  821.94,   21.48,   14.00,   12.29,   32.74,   30.49,    8.75,   14.62,   17.50,   11.01,    7.05,   13.25,   12.68,  144.50,   60.89,   25.58,   17.09,  604.91,   33.87,   23.76,   83.65,   20.16,
   32.15,   29.41,   27.91,   80.29,   59.98,   79.54,   28.76,   72.29,   25.13,   42.98,   24.24,   10.53,   83.15,   19.59,   46.88,   23.39,   23.11,   60.03,   46.18,   41.24,   83.21,  151.24,   47.60,   16.34,   72.38,   71.27,  228.92,  781.65,   21.37,   14.15,   12.31,   32.11,   29.95,    8.75,   14.51,   17.60,   10.92,    6.99,   13.20,   12.71,  145.32,   60.89,   25.93,   16.64,  595.71,   34.12,   25.21,   84.07,   20.09,
   32.01,   29.54,   27.66,   80.53,   59.68,   80.32,   28.23,   70.70,   25.13,   43.28,   24.24,   10.38,   82.00,   19.02,   46.21,   23.25,   22.42,   59.04,   46.65,   40.41,   84.95,  148.03,   46.58,   15.94,   71.33,   66.87,  218.21,  792.13,   21.29,   14.06,   12.31,   32.56,   30.22,    8.60,   14.59,   17.53,   10.92,    6.91,   13.30,   12.60,  145.32,   60.97,   25.38,   16.19,  591.77,   34.08,   25.69,   83.91,   20.01,
   30.67,   28.45,   27.57,   78.97,   58.48,   79.15,   27.50,   69.41,   24.91,   42.98,   23.80,   10.27,   81.23,   18.17,   45.68,   22.62,   22.01,   58.21,   46.05,   38.66,   84.95,  146.43,   46.92,   15.32,   72.03,   65.55,  207.89,  737.33,   21.33,   13.88,   12.04,   31.97,   29.54,    8.46,   14.30,   17.29,   10.67,    6.74,   13.10,   12.47,  144.09,   60.49,   24.50,   15.29,  570.10,   33.66,   26.02,   83.91,   19.71,
   31.66,   28.85,   27.82,   83.25,   61.19,   81.50,   28.17,   70.32,   25.13,   43.38,   23.86,   10.27,   79.30,   17.72,   44.00,   22.29,   21.49,   59.78,   46.18,   38.34,   87.04,  145.09,   46.51,   15.36,   73.43,   64.40,  195.99,  701.07,   21.00,   14.03,   12.18,   31.09,   29.48,    8.53,   14.26,   17.53,   10.67,    6.79,   13.17,   12.45,  146.97,   60.25,   24.50,   15.20,  556.96,   34.30,   25.95,   84.33,   19.71,
   32.23,   29.80,   27.94,   85.19,   62.78,   81.11,   28.46,   69.41,   24.99,   43.94,   23.64,   10.16,   77.76,   18.26,   43.33,   22.52,   21.70,   58.54,   47.32,   37.87,   86.34,  142.69,   46.51,   15.27,   73.08,   63.36,  204.72,  748.61,   20.18,   13.94,   12.15,   31.34,   29.38,    8.49,   14.16,   17.43,   10.54,    6.77,   13.22,   12.37,  145.73,   60.57,   24.22,   15.29,  538.57,   34.26,   25.10,   86.10,   19.67,
   32.26,   29.83,   28.56,   85.19,   63.26,   81.11,   28.96,   71.60,   25.24,   45.19,   24.12,   10.27,   78.15,   18.48,   44.24,   22.89,   22.01,   57.88,   47.72,   37.83,   82.86,  149.63,   46.51,   15.63,   73.78,   66.45,  208.68,  730.89,   20.25,   14.18,   12.40,   32.32,   30.15,    8.65,   14.44,   17.80,   10.84,    6.88,   13.32,   12.66,  147.79,   60.89,   24.60,   15.83,  517.55,   34.58,   25.28,   86.52,   19.82,
   32.19,   29.93,   29.68,   85.58,   63.74,   81.11,   28.86,   71.60,   25.54,   44.64,   23.67,   10.23,   80.07,   18.02,   42.47,   22.49,   21.77,   57.71,   48.05,   36.49,   84.25,  149.37,   46.17,   15.05,   75.53,   62.98,  199.16,  701.88,   19.84,   14.41,   12.37,   32.84,   30.46,    8.61,   14.34,   17.87,   10.79,    6.82,   13.63,   12.74,  149.02,   62.09,   23.97,   15.16,  502.45,   34.54,   24.80,   86.10,   19.52,
   31.59,   29.08,   29.28,   84.80,   63.10,   79.93,   28.83,   72.74,   25.22,   44.69,   23.41,   10.23,   78.92,   17.21,   42.76,   22.65,   20.68,   56.72,   47.72,   36.31,   87.73,  152.84,   46.65,   15.32,   76.58,   63.73,  205.91,  719.60,   19.99,   14.41,   12.31,   32.53,   30.49,    8.61,   14.23,   17.90,   10.75,    6.91,   13.67,   12.87,  152.30,   61.53,   23.92,   15.74,  503.10,   34.73,   25.24,   84.41,   19.88,
   32.05,   29.37,   29.65,   85.97,   63.98,   79.93,   29.23,   73.80,   25.26,   44.94,   23.99,   10.42,   80.46,   18.20,   44.72,   23.92,   21.04,   59.29,   48.45,   36.81,   93.30,  157.65,   47.47,   15.58,   76.93,   65.04,  215.83,  769.71,   20.55,   14.53,   12.53,   33.86,   31.17,    8.68,   14.48,   17.97,   10.84,    6.93,   13.70,   13.21,  158.46,   61.69,   24.12,   15.74,  533.32,   35.33,   25.21,   87.79,   20.11,
   32.79,   29.63,   29.77,   84.80,   64.53,   81.89,   29.46,   77.58,   24.74,   44.94,   23.61,   10.67,   82.38,   18.69,   44.29,   24.42,   21.11,   59.29,   50.27,   38.15,   92.96,  156.58,   46.78,   15.63,   76.58,   63.73,  215.03,  812.08,   20.44,   14.53,   12.48,   33.33,   31.00,    8.68,   14.55,   17.66,   10.84,    6.99,   13.54,   13.34,  155.18,   61.69,   24.19,   15.74,  533.97,   35.18,   25.88,   87.79,   20.03,
   34.28,   30.65,   30.43,   86.36,   65.01,   83.06,   29.56,   77.58,   24.38,   44.69,   23.89,   10.72,   84.31,   18.72,   44.05,   24.48,   21.91,   59.62,   50.07,   38.34,   92.61,  158.18,   47.13,   15.76,   73.34,   64.67,  219.79,  813.85,   20.10,   14.67,   12.59,   32.95,   31.04,    8.72,   15.16,   18.14,   10.84,    6.99,   13.67,   13.57,  153.94,   61.69,   24.19,   15.74,  551.71,   35.07,   25.58,   89.48,   20.27,
   34.21,   30.29,   29.84,   85.58,   65.09,   83.46,   29.29,   76.07,   23.94,   43.33,   23.76,   10.56,   83.15,   18.81,   43.95,   24.55,   21.77,   59.62,   49.79,   36.54,   97.83,  156.58,   47.81,   15.45,   72.23,   63.73,  214.63,  810.32,   19.47,   14.35,   12.40,   32.60,   30.66,    8.68,   15.02,   17.93,   10.84,    6.96,   13.54,   13.21,  145.73,   61.61,   24.29,   15.43,  537.91,   34.28,   25.43,   90.74,   20.27,
   33.95,   29.93,   29.87,   86.36,   65.41,   83.46,   29.89,   77.21,   23.66,   43.58,   23.76,   10.64,   82.91,   19.47,   44.24,   24.32,   21.91,   61.03,   49.59,   37.09,  100.61,  160.86,   47.95,   15.67,   73.48,   63.36,  222.97,  856.22,   19.62,   14.53,   12.56,   33.30,   30.87,    8.76,   15.34,   18.61,   10.88,    7.02,   13.88,   13.26,  148.61,   61.61,   24.98,   15.38,  558.27,   34.47,   25.76,   92.01,   20.51,
   32.99,   29.04,   29.93,   83.64,   63.74,   83.06,   30.35,   79.10,   24.02,   42.88,   23.89,   10.48,   82.10,   19.41,   44.15,   24.78,   22.02,   60.78,   49.86,   36.86,   99.22,  159.79,   48.97,   15.72,   73.19,   63.73,  219.79,  849.16,   19.36,   14.64,   12.56,   33.09,   30.70,    8.84,   15.23,   18.98,   10.84,    7.02,   14.06,   13.34,  155.18,   61.61,   25.28,   15.52,  575.35,   34.47,   25.76,   92.43,   20.47,
   33.58,   29.01,   29.96,   85.19,   63.74,   82.67,   30.98,   80.61,   23.86,   43.89,   23.89,   10.44,   83.31,   19.32,   43.33,   24.95,   21.62,   60.45,   52.20,   36.95,   97.13,  165.93,   49.25,   14.79,   73.63,   64.01,  211.06,  795.31,   19.36,   14.95,   12.53,   33.44,   30.31,    8.72,   15.37,   18.98,   10.67,    7.02,   13.77,   13.42,  155.18,   62.17,   24.72,   14.93,  564.18,   35.93,   24.91,   90.74,   20.27,
   33.69,   29.18,   29.37,   84.42,   63.50,   81.89,   30.65,   77.96,   24.02,   43.43,   24.05,   10.36,   82.50,   18.93,   43.93,   24.88,   21.04,   59.62,   50.96,   36.86,   92.61,  158.40,   48.56,   13.95,   73.63,   63.36,  205.11,  757.36,   19.13,   14.73,   12.48,   32.88,   29.86,    8.65,   14.73,   18.67,   10.54,    6.99,   13.54,   13.64,  151.48,   63.54,   24.47,   13.90,  558.27,   35.59,   24.65,   91.59,   20.31,
   33.99,   29.18,   29.80,   78.58,   59.12,   76.17,   31.81,   76.07,   24.26,   43.84,   24.24,   10.48,   85.74,   19.59,   45.37,   25.22,   21.37,   60.12,   52.41,   37.00,   98.87,  169.33,   50.00,   14.12,   73.63,   63.36,  202.34,  759.12,   19.21,   15.37,   12.92,   34.14,   30.27,    8.84,   14.98,   19.31,   10.79,    7.16,   13.85,   14.38,  153.94,   66.66,   25.20,   13.90,  578.63,   35.48,   25.39,   85.26,   20.35,
   34.73,   29.31,   29.40,   73.13,   55.77,   70.84,   30.65,   76.83,   24.06,   44.54,   23.89,   10.24,   84.52,   18.93,   44.41,   25.35,   20.82,   59.12,   53.10,   36.91,   98.18,  180.25,   48.49,   13.59,   73.48,   62.23,  205.11,  792.66,   19.13,   15.21,   12.81,   33.54,   29.86,    8.72,   14.94,   18.98,   10.71,    7.02,   13.70,   14.24,  153.12,   65.62,   25.08,   13.22,  574.47,   35.51,   25.02,   79.35,   20.07,
   33.80,   28.91,   28.75,   73.21,   56.17,   69.43,   30.72,   75.69,   23.86,   43.99,   23.64,   10.12,   84.12,   18.26,   43.02,   24.85,   20.20,   58.04,   53.17,   34.83,   95.39,  174.45,   47.48,   14.21,   73.41,   57.92,  199.56,  768.83,   18.99,   14.99,   12.59,   32.98,   29.17,    8.61,   14.51,   18.64,   10.50,    6.93,   13.28,   14.12,  147.79,   65.06,   24.57,   14.12,  537.92,   35.29,   24.31,   79.26,   19.80,
   33.14,   28.52,   27.88,   71.11,   56.57,   67.86,   30.15,   73.04,   23.86,   41.87,   23.45,    9.92,   81.69,   17.60,   41.90,   24.00,   20.17,   57.96,   51.31,   34.41,   91.91,  167.96,   46.69,   13.50,   73.63,   55.77,  188.45,  752.06,   18.61,   15.28,   12.73,   32.98,   29.03,    8.65,   14.41,   18.98,   10.50,    6.91,   13.15,   14.27,  147.28,   65.14,   24.55,   13.54,  501.37,   35.85,   24.24,   79.52,   19.76,
   31.84,   26.55,   26.48,   69.63,   54.97,   64.73,   28.36,   67.97,   23.31,   38.97,   21.82,    9.24,   77.32,   16.67,   39.02,   22.42,   18.78,   55.15,   47.86,   32.02,   85.64,  159.43,   44.02,   12.57,   72.23,   51.92,  177.74,  704.39,   17.31,   14.66,   11.98,   30.92,   27.03,    8.06,   13.41,   17.90,    9.78,    6.54,   12.45,   13.58,  145.59,   63.13,   22.83,   12.60,  466.88,   33.98,   22.57,   74.70,   18.65,
   31.03,   24.72,   26.73,   65.59,   53.62,   62.06,   28.07,   67.59,   23.11,   38.85,   20.30,    8.72,   71.99,   16.67,   38.00,   20.88,   17.76,   53.99,   46.83,   30.91,   79.73,  159.77,   42.87,   11.73,   69.73,   48.36,  183.29,  702.63,   16.12,   14.02,   11.52,   29.52,   25.16,    7.50,   12.80,   17.29,    9.10,    6.15,   12.29,   13.35,  142.22,   59.85,   21.24,   11.74,  450.33,   32.68,   21.01,   71.58,   17.51,
   31.88,   25.21,   27.69,   65.04,   51.95,   60.34,   28.30,   68.65,   22.63,   39.90,   19.53,    8.36,   72.80,   16.67,   37.90,   19.62,   18.20,   52.41,   47.93,   30.31,   76.94,  162.50,   43.30,   11.02,   69.73,   48.36,  195.99,  693.80,   16.79,   13.89,   11.52,   30.05,   24.05,    7.17,   12.55,   17.06,    8.64,    6.24,   11.95,   13.53,  145.17,   59.29,   19.93,   10.93,  463.44,   32.38,   19.56,   70.91,   17.47,
   33.65,   26.95,   29.36,   67.07,   51.79,   59.95,   30.05,   69.64,   23.11,   40.70,   19.95,    8.88,   69.64,   17.66,   39.34,   20.70,   18.93,   54.48,   48.41,   30.91,   82.27,  158.40,   42.80,   11.78,   70.54,   48.74,  203.13,  723.81,   17.72,   14.24,   12.09,   31.65,   25.71,    7.60,   13.08,   17.97,    9.23,    6.38,   12.65,   13.84,  148.12,   59.77,   20.99,   11.70,  495.85,   33.05,   20.89,   67.95,   17.67,
   32.69,   26.95,   29.05,   66.75,   52.58,   60.65,   29.16,   69.64,   23.23,   39.34,   19.95,    8.64,   70.45,   18.29,   39.34,   21.63,   19.47,   54.98,   48.83,   29.85,   79.32,  157.38,   40.85,   12.00,   70.54,   49.21,  209.48,  728.23,   17.35,   14.28,   12.08,   30.64,   27.23,    7.47,   12.87,   17.63,    9.06,    6.29,   12.39,   13.72,  147.28,   60.09,   20.69,   11.92,  462.75,   33.24,   20.22,   67.78,   17.75,
   31.51,   26.42,   28.57,   65.90,   51.55,   59.56,   28.53,   69.64,   23.39,   39.96,   19.60,    8.72,   66.57,   17.86,   38.91,   20.80,   18.86,   53.90,   49.52,   29.99,   78.95,  151.57,   40.56,   12.04,   70.61,   50.33,  203.92,  706.16,   16.94,   14.08,   11.82,   30.22,   26.78,    7.47,   12.76,   17.19,    9.02,    6.27,   12.08,   13.41,  143.90,   61.45,   20.64,   11.79,  463.44,   33.54,   20.49,   66.26,   17.59,
   32.47,   27.01,   30.07,   66.68,   52.50,   61.75,   28.99,   70.57,   23.58,   41.25,   20.30,    8.96,   68.18,   18.72,   39.87,   21.49,   19.15,   55.31,   50.55,   31.83,   84.11,  160.45,   41.00,   12.26,   72.53,   48.55,  211.46,  729.99,   17.12,   14.31,   11.93,   31.02,   26.85,    7.67,   13.08,   17.56,    9.06,    6.44,   12.29,   13.67,  147.70,   62.41,   21.32,   12.01,  470.33,   34.21,   21.79,   67.95,   17.98,
   33.43,   27.67,   30.62,   66.52,   52.18,   61.98,   29.09,   71.26,   23.62,   41.38,   20.65,    8.96,   66.16,   18.86,   39.61,   21.31,   18.82,   54.65,   51.51,   31.05,   82.64,  161.82,   40.71,   12.13,   72.16,   49.39,  208.29,  729.99,   17.39,   14.21,   11.96,   31.06,   26.82,    7.61,   13.16,   17.36,    9.06,    6.38,   12.26,   13.55,  147.28,   61.77,   22.07,   11.65,  451.71,   34.13,   21.56,   67.11,   17.98,
   32.99,   27.70,   30.62,   66.75,   52.74,   63.16,   27.87,   70.57,   23.62,   41.01,   20.96,    8.88,   64.63,   18.14,   39.55,   20.45,   18.20,   54.48,   50.55,   30.22,   79.69,  165.91,   38.98,   11.78,   72.16,   50.24,  203.13,  707.04,   17.68,   14.18,   11.91,   31.75,   26.68,    7.60,   13.16,   17.46,    9.02,    6.41,   12.19,   13.53,  147.70,   61.45,   20.69,   11.34,  420.68,   33.76,   20.78,   68.12,   17.71,
   33.36,   27.50,   29.80,   66.91,   52.10,   62.38,   27.10,   69.40,   23.62,   40.76,   20.19,    8.76,   61.07,   17.52,   38.32,   19.87,   18.05,   53.33,   51.03,   28.51,   80.05,  164.89,   38.98,   11.95,   72.23,   50.61,  201.54,  682.33,   17.05,   14.21,   11.91,   31.64,   25.57,    7.45,   13.08,   17.40,    8.76,    6.41,   12.08,   13.30,  145.59,   60.97,   19.88,   11.34,  417.23,   33.76,   20.30,   66.26,   17.71,
   31.03,   26.39,   28.44,   64.89,   51.79,   61.28,   26.38,   67.23,   23.19,   39.22,   19.95,    8.56,   57.18,   16.49,   36.30,   18.80,   17.14,   52.91,   48.28,   27.59,   74.89,  154.31,   39.56,   11.16,   72.16,   47.89,  199.96,  634.66,   16.34,   13.73,   11.58,   30.62,   24.43,    7.17,   12.58,   16.59,    8.38,    6.21,   11.72,   12.84,  143.48,   61.37,   18.49,   10.57,  396.54,   33.50,   19.52,   66.52,   17.59,
   28.89,   25.27,   27.55,   65.90,   52.34,   61.75,   25.98,   68.55,   23.39,   38.29,   19.81,    8.56,   57.02,   16.49,   35.76,   19.05,   17.07,   53.82,   46.28,   28.88,   69.65,  160.45,   38.55,   10.85,   72.97,   50.24,  213.44,  624.95,   15.86,   13.66,   11.64,   30.51,   24.95,    7.23,   12.73,   16.79,    8.44,    6.15,   11.67,   12.75,  143.48,   62.89,   17.21,    9.99,  417.23,   33.39,   18.70,   67.53,   17.51,
   29.70,   26.26,   29.12,   68.39,   53.14,   64.02,   27.04,   69.02,   23.70,   39.28,   20.26,    8.88,   60.99,   17.11,   35.23,   20.37,   17.84,   55.31,   48.62,   29.99,   68.62,  164.89,   41.07,   11.07,   74.74,   49.67,  215.83,  661.14,   16.95,   14.15,   11.96,   31.53,   25.64,    7.48,   13.12,   17.88,    8.72,    6.41,   12.00,   13.24,  150.66,   63.86,   17.91,   10.39,  446.20,   33.27,   19.82,   71.50,   17.71,
   28.33,   25.20,   28.23,   68.86,   52.90,   62.93,   26.44,   71.96,   23.55,   39.03,   20.86,    8.76,   61.63,   16.73,   34.59,   19.48,   17.73,   55.89,   49.24,   29.11,   70.09,  165.57,   40.85,   10.93,   74.74,   50.80,  222.17,  653.20,   17.38,   13.82,   11.79,   31.26,   25.33,    7.29,   13.19,   18.13,    8.59,    6.35,   11.90,   12.98,  151.50,   63.05,   17.96,   10.08,  462.06,   33.57,   20.00,   68.80,   17.31,
   26.93,   25.63,   27.52,   69.09,   53.22,   63.32,   26.09,   67.85,   23.55,   39.34,   20.79,    8.72,   61.88,   16.90,   32.99,   19.08,   17.87,   55.48,   48.90,   27.08,   65.22,  169.33,   41.07,   10.62,   74.74,   54.27,  222.97,  662.02,   17.19,   13.66,   11.64,   30.77,   24.68,    7.26,   13.12,   17.84,    8.47,    6.21,   11.74,   12.70,  154.45,   63.05,   18.17,    9.99,  453.78,   34.84,   20.49,   68.88,   17.43,
   26.04,   24.78,   27.93,   70.10,   53.78,   64.26,   25.44,   67.08,   23.35,   39.10,   21.17,    8.64,   64.79,   17.17,   34.27,   19.41,   18.13,   56.22,   49.45,   26.62,   66.18,  166.60,   40.49,   10.85,   74.37,   50.99,  232.09,  677.03,   16.84,   13.63,   11.67,   30.51,   24.88,    7.28,   12.97,   17.81,    8.51,    6.47,   11.90,   12.50,  154.03,   62.97,   18.37,   10.26,  455.16,   34.58,   20.15,   69.39,   17.51,
   27.60,   26.40,   28.98,   70.10,   54.18,   66.69,   26.70,   68.55,   23.70,   40.82,   21.80,    8.80,   67.13,   18.00,   34.27,   20.30,   18.56,   57.47,   49.79,   28.46,   66.85,  172.06,   40.42,   11.38,   74.37,   54.55,  229.31,  677.91,   16.64,   13.86,   11.85,   30.51,   25.16,    7.39,   13.28,   18.06,    8.59,    6.53,   12.21,   12.67,  158.25,   62.97,   19.33,   10.80,  462.06,   34.58,   20.75,   71.58,   17.59,
   28.04,   26.68,   28.91,   69.56,   53.70,   68.96,   26.63,   69.48,   23.70,   41.44,   21.42,    8.88,   67.13,   18.07,   36.62,   21.38,   19.15,   57.13,   50.41,   30.26,   71.50,  170.01,   41.50,   11.47,   73.63,   54.64,  230.11,  672.62,   16.25,   13.79,   11.76,   30.70,   25.33,    7.44,   13.24,   18.09,    8.55,    6.41,   12.37,   12.73,  157.83,   62.97,   20.35,   10.62,  471.71,   34.13,   20.86,   71.33,   17.59,
   28.63,   26.85,   29.08,   70.10,   55.05,   69.04,   27.31,   69.95,   25.14,   41.50,   22.05,    9.04,   68.75,   17.86,   39.12,   22.31,   19.26,   57.47,   50.62,   32.29,   76.00,  167.28,   42.29,   12.22,   73.56,   58.11,  231.30,  667.32,   16.56,   13.86,   11.91,   31.04,   25.57,    7.48,   13.28,   18.27,    8.68,    6.56,   12.34,   12.73,  156.14,   62.97,   21.02,   11.34,  485.51,   34.66,   20.89,   71.41,   17.63,
   29.55,   27.38,   29.39,   70.41,   55.85,   69.12,   26.74,   69.79,   24.54,   42.30,   22.05,    9.40,   69.56,   17.76,   39.55,   20.95,   19.44,   56.80,   50.48,   31.18,   75.63,  171.37,   41.72,   12.40,   73.63,   56.89,  230.11,  676.15,   16.60,   14.11,   11.96,   31.49,   26.58,    7.89,   13.51,   18.38,    8.81,    6.62,   12.37,   13.01,  162.05,   62.09,   20.88,   11.88,  473.09,   34.73,   21.30,   71.33,   17.79,
   28.93,   27.21,   28.98,   71.50,   55.29,   69.66,   26.63,   70.02,   24.34,   42.49,   21.70,    9.28,   69.56,   18.51,   40.57,   21.13,   19.51,   55.89,   50.34,   32.02,   75.26,  170.35,   41.64,   12.53,   73.26,   58.30,  232.88,  654.08,   17.03,   14.24,   11.93,   31.60,   26.51,    8.14,   13.39,   18.41,    8.72,    6.59,   12.39,   13.01,  162.05,   61.69,   20.93,   12.24,  462.75,   34.36,   20.97,   71.07,   17.63,
   28.78,   26.75,   27.96,   68.54,   54.65,   67.16,   26.13,   68.01,   23.94,   42.43,   20.65,    8.84,   67.13,   18.51,   38.96,   20.09,   19.22,   55.15,   49.72,   30.49,   74.52,  166.60,   39.48,   11.69,   72.75,   56.14,  226.14,  624.07,   16.41,   13.73,   11.52,   30.44,   25.30,    7.75,   12.93,   17.74,    8.44,    6.38,   12.13,   12.50,  159.10,   62.09,   19.83,   11.38,  466.88,   34.06,   20.26,   66.77,   17.23,
   26.78,   24.92,   27.69,   66.13,   53.46,   65.20,   25.26,   66.69,   23.55,   41.13,   20.19,    8.72,   64.22,   17.79,   38.48,   19.73,   18.93,   54.73,   50.20,   30.31,   74.15,  160.79,   39.05,   11.11,   72.31,   52.39,  217.41,  624.95,   15.39,   12.92,   11.11,   29.27,   24.95,    7.41,   12.57,   16.60,    7.87,    6.03,   11.40,   11.87,  151.92,   61.93,   19.22,   11.16,  451.71,   33.61,   19.82,   67.45,   16.60,
   26.04,   24.57,   27.83,   66.44,   53.78,   66.61,   25.30,   67.31,   24.02,   41.93,   20.72,    9.12,   64.71,   18.69,   39.02,   20.23,   19.95,   56.80,   50.96,   30.40,   77.84,  166.25,   39.92,   11.29,   74.00,   53.33,  224.16,  668.20,   15.86,   13.05,   11.26,   29.35,   25.44,    7.62,   12.85,   16.60,    8.09,    6.18,   11.27,   11.90,  154.03,   63.13,   20.35,   11.38,  471.02,   35.48,   20.22,   69.39,   17.12,
   27.08,   25.13,   28.20,   65.82,   53.14,   66.53,   25.16,   67.23,   24.14,   42.86,   21.14,    9.08,   64.55,   18.27,   37.95,   20.55,   19.87,   56.89,   50.27,   32.52,   76.73,  168.30,   40.78,   11.33,   73.34,   52.02,  224.95,  691.15,   15.47,   12.92,   11.29,   29.46,   25.33,    7.59,   12.81,   16.88,    8.09,    6.06,   11.54,   11.93,  152.77,   63.30,   20.90,   11.38,  473.09,   35.18,   21.04,   69.05,   17.12,
   27.71,   25.24,   28.57,   65.74,   53.54,   66.45,   25.69,   66.77,   24.14,   43.17,   21.87,    9.04,   63.90,   18.51,   38.80,   20.80,   19.69,   57.38,   50.20,   34.23,   81.16,  169.33,   41.07,   11.42,   73.63,   52.58,  224.16,  714.99,   15.82,   12.98,   11.31,   29.46,   25.57,    7.60,   12.73,   17.02,    8.13,    6.06,   11.61,   11.87,  154.03,   63.13,   20.96,   11.47,  481.37,   35.33,   20.96,   70.48,   17.35,
   25.79,   24.22,   27.66,   63.33,   50.99,   64.73,   24.72,   66.07,   23.55,   43.29,   20.82,    8.72,   61.88,   18.45,   36.99,   20.30,   19.44,   56.64,   49.24,   32.94,   76.00,  162.50,   40.64,   10.93,   73.34,   49.58,  224.95,  679.68,   15.31,   12.24,   10.84,   27.43,   24.61,    7.19,   12.22,   15.96,    7.65,    5.90,   10.80,   11.36,  153.19,   62.57,   20.12,   10.98,  466.88,   33.98,   20.61,   68.96,   16.72,
   24.60,   23.20,   27.15,   63.02,   50.99,   63.87,   23.86,   65.60,   23.62,   42.86,   20.54,    8.60,   59.04,   18.14,   35.92,   20.09,   19.04,   55.64,   47.79,   31.32,   72.53,  162.16,   40.20,   10.62,   73.48,   48.27,  221.78,  670.85,   14.79,   11.63,   10.49,   26.53,   24.02,    6.88,   11.56,   15.07,    7.50,    5.76,   10.25,   10.84,  151.08,   62.81,   19.74,   10.75,  478.61,   34.51,   20.61,   67.78,   16.56,
   24.90,   23.87,   27.04,   63.56,   52.18,   64.81,   24.44,   66.92,   23.86,   43.41,   21.38,    8.80,   59.45,   18.89,   37.31,   20.91,   19.91,   57.22,   48.41,   32.11,   76.00,  168.30,   41.07,   11.16,   74.00,   51.17,  235.27,  673.50,   15.13,   11.72,   10.66,   26.72,   24.54,    7.28,   11.79,   15.42,    7.70,    5.88,   10.19,   11.07,  151.08,   63.05,   20.61,   11.34,  482.75,   35.36,   21.90,   69.39,   17.59,
   26.04,   24.68,   27.49,   64.58,   53.38,   65.35,   25.01,   68.16,   24.18,   43.54,   21.91,    9.16,   63.57,   20.20,   37.90,   21.34,   21.29,   58.87,   49.59,   32.98,   76.37,  171.72,   41.07,   11.33,   74.00,   52.67,  246.77,  695.57,   15.13,   12.50,   11.02,   28.03,   25.02,    7.34,   12.26,   16.35,    8.03,    6.09,   10.55,   11.53,  147.70,   62.89,   21.14,   11.25,  480.68,   35.36,   23.43,   71.75,   17.94,
   25.82,   24.43,   27.79,   64.73,   53.78,   65.20,   24.98,   67.15,   24.02,   43.17,   21.52,    8.96,   62.68,   19.85,   38.11,   21.02,   20.82,   58.96,   50.48,   31.37,   74.15,  173.42,   40.85,   11.16,   73.63,   52.67,  245.58,  660.26,   14.40,   11.98,   10.75,   26.49,   24.64,    7.27,   12.03,   15.74,    7.78,    6.00,   10.30,   11.24,  144.33,   62.89,   20.56,   11.20,  454.47,   34.32,   22.92,   71.07,   17.63,
   25.27,   23.73,   27.86,   64.58,   54.34,   65.04,   24.51,   66.69,   23.94,   42.55,   21.31,    9.04,   63.90,   19.51,   38.70,   21.63,   20.82,   58.38,   50.69,   31.18,   75.63,  172.06,   41.07,   11.42,   73.48,   55.48,  259.07,  672.62,   13.97,   11.89,   10.69,   26.57,   24.61,    7.28,   12.18,   15.49,    7.72,    6.00,   10.22,   10.99,  141.79,   62.49,   20.96,   11.56,  444.82,   34.24,   23.47,   70.99,   17.67,
   25.34,   23.77,   27.86,   64.19,   54.49,   64.57,   24.01,   66.38,   23.94,   42.30,   21.42,    9.12,   64.63,   19.58,   38.86,   22.02,   20.97,   59.62,   50.96,   30.95,   75.26,  172.06,   39.99,   12.04,   72.90,   56.80,  268.99,  662.02,   14.92,   11.98,   10.84,   27.02,   24.50,    7.31,   12.15,   15.81,    7.85,    6.03,   10.25,   11.01,  140.11,   61.53,   20.79,   11.97,  445.51,   34.24,   23.39,   71.50,   17.63,
   23.83,   22.47,   27.11,   62.09,   53.38,   61.91,   22.50,   65.91,   23.58,   39.90,   20.40,    8.80,   63.25,   19.44,   37.84,   21.38,   20.60,   57.13,   48.90,   31.55,   73.04,  165.57,   37.25,   11.51,   72.53,   56.23,  276.13,  626.72,   14.70,   11.56,   10.46,   25.93,   24.02,    7.09,   11.91,   15.03,    7.61,    5.91,    9.74,   10.79,  139.26,   60.89,   19.65,   11.43,  419.99,   33.83,   22.30,   68.20,   16.96,
   22.42,   21.06,   25.51,   60.14,   51.63,   58.77,   21.20,   62.50,   23.39,   38.54,   19.77,    8.60,   62.36,   18.65,   36.83,   21.66,   19.62,   55.89,   45.52,   32.15,   68.99,  157.72,   34.66,   11.29,   71.94,   52.77,  257.09,  599.35,   15.69,   10.98,   10.04,   24.12,   23.47,    6.86,   11.44,   14.32,    7.47,    5.79,    9.27,   10.44,  130.40,   59.29,   18.98,   11.25,  393.09,   33.54,   21.16,   67.53,   16.41,
   21.61,   19.83,   25.51,   60.06,   52.18,   58.46,   20.56,   58.16,   23.39,   36.38,   19.39,    8.68,   61.47,   17.83,   36.62,   21.16,   19.66,   55.64,   42.35,   31.14,   66.63,  153.62,   36.03,   10.67,   72.53,   49.21,  242.80,  563.16,   15.56,   10.72,    9.93,   22.58,   23.64,    6.73,   11.17,   13.53,    7.48,    5.74,    9.07,   10.44,  126.60,   60.01,   18.23,   10.98,  366.89,   35.03,   20.81,   68.37,   15.89,
   23.09,   21.17,   27.15,   62.94,   53.46,   60.57,   20.91,   56.53,   23.66,   38.91,   19.95,    9.20,   62.04,   18.75,   36.35,   21.63,   20.97,   57.88,   45.32,   33.31,   69.36,  160.45,   38.55,   10.93,   73.48,   50.99,  259.47,  570.22,   16.16,   11.24,   10.55,   23.37,   24.26,    7.16,   11.72,   14.00,    7.74,    5.91,    9.41,   11.01,  135.46,   60.01,   19.04,   11.29,  384.13,   35.03,   21.36,   72.76,   16.44,
   23.64,   21.31,   26.70,   62.24,   52.90,   60.81,   21.31,   56.76,   23.74,   39.90,   19.88,    9.24,   60.02,   18.55,   36.83,   20.66,   20.89,   58.21,   46.14,   33.68,   69.80,  160.45,   40.35,   10.93,   74.00,   50.99,  264.23,  609.95,   16.29,   11.21,   10.64,   23.86,   24.33,    7.11,   11.87,   14.32,    7.66,    5.89,    9.52,   10.99,  144.75,   60.01,   18.84,   11.16,  395.85,   35.07,   22.41,   71.83,   17.04,
   24.16,   21.87,   27.01,   62.24,   52.42,   61.83,   22.10,   58.16,   23.58,   40.70,   19.49,    9.16,   57.91,   18.48,   37.36,   20.09,   21.48,   58.21,   45.73,   34.51,   70.61,  160.45,   40.56,   11.02,   74.37,   51.83,  260.66,  599.35,   16.59,   11.30,   10.69,   24.05,   24.26,    7.18,   11.95,   14.89,    7.69,    5.91,    9.74,   11.16,  143.48,   60.01,   19.04,   11.16,  386.20,   34.47,   22.06,   71.33,   17.04,
   24.31,   22.43,   27.15,   63.56,   52.82,   62.38,   22.64,   58.24,   23.86,   39.53,   19.67,    9.12,   58.64,   18.21,   36.94,   20.30,   22.20,   57.96,   45.94,   34.78,   73.04,  157.72,   42.87,   11.02,   74.74,   50.70,  267.80,  604.65,   17.50,   11.37,   10.90,   24.12,   24.33,    7.30,   12.11,   15.21,    7.71,    5.85,   10.16,   11.30,  146.44,   60.01,   20.35,   11.16,  397.92,   33.98,   22.41,   70.82,   17.43,
   22.90,   21.06,   25.72,   60.14,   52.34,   61.28,   21.63,   55.76,   23.62,   38.73,   19.07,    9.04,   58.24,   17.72,   36.19,   19.37,   21.66,   56.80,   45.04,   33.08,   71.86,  146.79,   41.36,   10.76,   74.74,   48.46,  257.88,  585.23,   16.68,   10.79,   10.31,   22.58,   23.02,    7.00,   11.52,   14.35,    7.24,    5.46,    9.49,   10.79,  137.57,   60.01,   20.06,   11.16,  370.34,   34.73,   21.36,   68.12,   16.76,
   23.57,   21.41,   25.00,   60.14,   51.63,   60.81,   21.56,   52.73,   23.78,   39.47,   18.83,    9.20,   57.91,   17.76,   36.78,   19.08,   21.80,   57.22,   46.28,   31.37,   76.73,  138.60,   42.37,   10.71,   75.10,   48.74,  259.47,  593.17,   16.89,   10.66,   10.55,   22.73,   22.81,    7.11,   11.72,   14.39,    7.37,    5.36,    9.74,   10.81,  136.31,   60.01,   20.09,   11.34,  382.75,   35.51,   22.22,   69.72,   17.12,
   23.38,   21.34,   25.07,   59.99,   51.55,   60.81,   21.31,   52.34,   23.55,   39.47,   18.83,    9.16,   55.81,   17.52,   36.08,   19.55,   21.40,   57.22,   46.21,   31.05,   71.42,  142.02,   42.15,   10.54,   74.00,   48.74,  260.66,  596.70,   16.38,   10.46,   10.46,   22.36,   22.26,    7.00,   11.44,   14.18,    7.28,    5.24,    9.80,   10.61,  137.15,   60.01,   20.50,   11.16,  382.06,   35.18,   21.40,   69.64,   16.80,
   24.49,   22.19,   26.02,   64.11,   53.94,   64.96,   22.10,   53.97,   23.70,   39.84,   19.14,    9.40,   56.46,   18.00,   37.36,   19.69,   21.51,   57.13,   46.69,   31.37,   73.41,  141.33,   43.01,   10.80,   75.10,   49.67,  261.85,  606.41,   16.03,   10.92,   10.96,   22.62,   23.29,    7.17,   11.48,   14.82,    7.48,    5.43,   10.11,   10.76,  140.95,   60.01,   19.86,   11.29,  373.78,   34.58,   22.26,   73.86,   17.23,
   25.71,   23.59,   26.53,   67.07,   55.21,   67.16,   22.68,   54.05,   23.90,   40.39,   19.11,    9.52,   55.97,   18.21,   37.90,   19.73,   21.48,   57.22,   47.52,   31.14,   73.64,  146.79,   42.94,   10.89,   73.63,   48.92,  246.37,  606.41,   16.76,   11.37,   11.08,   23.82,   23.85,    7.19,   11.72,   15.39,    7.62,    5.49,   10.55,   11.13,  145.59,   60.01,   19.97,   11.34,  350.34,   34.80,   22.61,   75.97,   17.63,
   27.12,   25.20,   26.84,   68.47,   55.37,   67.55,   23.43,   55.45,   23.90,   40.51,   19.60,    9.72,   58.24,   18.75,   39.07,   20.41,   21.11,   57.96,   50.00,   32.66,   74.15,  155.33,   45.90,   11.29,   72.97,   52.30,  253.91,  648.78,   16.76,   12.14,   11.31,   25.29,   24.05,    7.25,   12.22,   16.03,    7.79,    5.66,   11.00,   11.36,  145.59,   60.01,   21.37,   11.61,  374.47,   34.58,   22.77,   78.50,   17.79,
   27.00,   25.28,   26.84,   67.30,   53.94,   67.00,   23.14,   56.07,   23.62,   40.64,   19.70,    9.72,   57.67,   18.24,   38.91,   20.09,   21.29,   58.29,   49.31,   32.29,   72.68,  153.62,   45.03,   11.29,   72.90,   55.39,  261.05,  649.67,   17.37,   11.98,   11.20,   25.18,   23.81,    7.19,   12.34,   15.78,    7.68,    5.67,   10.83,   11.19,  145.59,   60.01,   21.23,   11.43,  393.09,   34.36,   24.33,   76.81,   17.83,
   26.67,   24.92,   27.04,   67.61,   53.70,   67.86,   23.32,   58.39,   23.70,   42.06,   19.74,    9.56,   58.56,   17.62,   38.43,   20.09,   22.24,   58.29,   50.34,   32.20,   73.71,  151.57,   44.82,   11.38,   72.82,   56.33,  266.61,  666.44,   17.54,   11.98,   11.20,   25.33,   23.85,    7.23,   12.42,   15.92,    7.70,    5.68,   10.86,   11.19,  143.48,   61.39,   21.55,   11.61,  419.99,   34.02,   25.00,   76.48,   18.10,
   25.60,   24.08,   26.19,   64.97,   53.78,   67.47,   22.78,   57.07,   23.62,   42.06,   19.56,    9.52,   57.18,   17.45,   38.43,   19.73,   22.24,   58.21,   49.65,   32.38,   73.78,  147.48,   45.18,   11.33,   72.53,   57.83,  267.00,  649.67,   16.85,   11.82,   10.99,   24.80,   23.47,    7.15,   12.15,   15.46,    7.65,    5.59,   10.50,   10.99,  142.64,   61.10,   21.60,   11.38,  422.06,   34.39,   25.12,   74.28,   17.98,
   26.23,   24.85,   27.18,   66.21,   55.29,   68.02,   22.86,   57.00,   23.78,   42.06,   19.91,    9.76,   57.91,   17.90,   40.03,   19.76,   23.08,   58.87,   50.27,   32.94,   78.95,  151.92,   44.60,   11.29,   73.12,   56.98,  266.61,  654.96,   17.37,   12.08,   11.14,   24.95,   23.81,    7.24,   12.38,   15.89,    7.73,    5.70,   10.66,   11.19,  144.75,   61.39,   21.55,   11.38,  420.68,   34.58,   24.96,   76.31,   18.18,
   25.75,   24.57,   27.15,   65.43,   54.57,   67.78,   21.96,   55.60,   23.47,   41.07,   19.77,    9.52,   56.29,   17.86,   39.61,   19.41,   22.53,   58.54,   49.59,   32.25,   81.53,  148.16,   43.23,   10.76,   72.90,   56.52,  268.99,  624.07,   17.19,   11.79,   10.93,   24.27,   23.12,    7.17,   12.18,   15.53,    7.59,    5.62,   10.41,   11.01,  143.48,   61.39,   21.23,   10.80,  398.61,   34.92,   24.61,   75.97,   17.94,
   25.67,   24.22,   27.28,   66.05,   55.29,   67.63,   22.14,   56.14,   23.55,   41.93,   19.95,    9.64,   57.35,   17.83,   39.77,   19.37,   22.46,   58.87,   49.72,   32.66,   76.73,  149.18,   43.59,   10.85,   73.26,   54.83,  260.26,  606.41,   17.11,   11.95,   11.08,   24.50,   23.29,    7.15,   12.18,   15.67,    7.65,    5.64,   10.58,   10.99,  146.44,   60.95,   21.11,   10.80,  371.03,   35.48,   24.69,   75.97,   17.86,
   25.49,   23.91,   26.77,   65.98,   54.89,   65.75,   21.71,   55.14,   23.31,   41.56,   19.74,    9.64,   57.18,   17.59,   38.80,   18.97,   21.91,   57.71,   48.90,   33.45,   76.00,  145.43,   42.87,   10.54,   73.19,   52.49,  259.07,  601.12,   16.72,   11.76,   10.81,   24.12,   22.78,    7.02,   11.95,   15.28,    7.49,    5.50,   10.30,   10.76,  143.90,   60.95,   21.23,   10.21,  376.54,   35.07,   24.30,   74.03,   17.55,
   25.64,   24.22,   26.84,   66.52,   54.42,   66.06,   21.49,   55.68,   23.39,   41.56,   19.91,    9.64,   56.70,   17.52,   39.18,   18.94,   22.35,   58.21,   48.48,   33.03,   75.63,  144.75,   42.58,   10.67,   73.41,   51.83,  263.43,  584.35,   16.51,   11.85,   10.87,   24.39,   22.98,    7.15,   12.11,   15.56,    7.59,    5.48,   10.27,   10.76,  145.59,   61.25,   21.20,   10.26,  371.03,   35.93,   23.82,   72.59,   17.79,
   26.67,   25.10,   27.62,   68.39,   55.13,   66.84,   22.96,   58.86,   23.74,   43.29,   20.33,   10.16,   59.21,   18.34,   40.51,   19.33,   23.22,   59.37,   50.14,   32.66,   77.47,  148.50,   43.30,   10.98,   74.37,   53.14,  272.96,  605.53,   17.19,   12.34,   11.49,   26.08,   24.19,    7.34,   12.57,   16.06,    7.79,    5.72,   10.86,   11.30,  151.50,   62.20,   21.46,   10.39,  391.02,   36.15,   24.96,   77.66,   18.26,
   26.60,   24.92,   27.83,   68.47,   54.42,   67.24,   23.79,   59.79,   23.74,   43.35,   20.02,   10.16,   59.37,   18.41,   42.06,   19.55,   23.04,   59.20,   50.69,   32.85,   79.69,  149.53,   43.30,   11.20,   74.00,   54.74,  268.99,  600.24,   16.94,   12.27,   11.37,   26.27,   23.95,    7.31,   12.50,   16.24,    7.73,    5.72,   10.97,   11.21,  150.23,   63.22,   21.98,   10.75,  389.65,   36.22,   25.90,   78.59,   18.42,
   26.93,   25.42,   28.20,   68.47,   54.26,   67.24,   25.16,   61.03,   23.74,   43.97,   20.12,   10.24,   60.42,   18.55,   42.91,   19.91,   23.44,   59.54,   50.34,   32.89,   78.95,  148.84,   43.23,   10.89,   74.00,   55.11,  268.19,  606.41,   17.54,   12.31,   11.58,   26.30,   24.05,    7.27,   12.61,   16.17,    7.77,    5.68,   10.80,   11.33,  146.01,   63.22,   21.46,   10.93,  389.65,   36.56,   26.18,   79.43,   18.50,
   28.26,   25.94,   28.47,   68.54,   53.86,   66.84,   25.73,   60.64,   23.70,   44.58,   19.81,   10.56,   59.77,   18.34,   43.18,   20.09,   22.24,   59.54,   50.69,   32.43,   79.69,  151.57,   42.51,   10.93,   73.26,   52.86,  259.47,  609.95,   18.74,   12.37,   11.49,   26.53,   24.16,    7.38,   12.65,   16.21,    7.84,    5.70,   10.80,   11.39,  145.17,   62.49,   21.31,   10.80,  400.68,   36.56,   26.10,   78.93,   18.50,
   27.97,   25.59,   28.71,   69.48,   54.18,   68.18,   25.77,   62.04,   23.90,   44.40,   19.91,   10.56,   59.93,   18.38,   43.61,   20.19,   22.17,   60.53,   51.24,   32.66,   78.58,  148.16,   42.94,   11.69,   73.34,   52.20,  257.09,  610.83,   18.74,   12.56,   11.73,   26.72,   24.88,    7.49,   13.28,   16.74,    7.95,    5.77,   11.00,   11.61,  145.59,   63.00,   21.57,   11.25,  377.92,   36.34,   26.57,   81.63,   18.18,
   27.97,   25.63,   28.44,   69.24,   54.10,   68.57,   25.59,   60.64,   23.86,   42.61,   20.02,   10.68,   57.67,   18.51,   44.46,   19.94,   22.50,   60.94,   51.03,   32.02,   78.21,  143.72,   43.16,   11.64,   74.00,   52.67,  252.33,  605.53,   18.87,   12.66,   11.67,   26.79,   24.99,    7.61,   13.47,   16.63,    8.01,    5.79,   11.14,   11.50,  141.79,   63.00,   20.50,   10.98,  351.72,   36.93,   25.71,   79.85,   18.30,
